AGEB,LATITUD USAR,LONGITUD USAR,Año de apertura del negocio ,Edad del negocio,Trabajadores en el mes,Trabajadores con salario fijo,Salario para abandonar el negocio,Reja,Miscelanea o Tienda de Abarrotes,Fondita/Mini Resutaurante,Verdulería o Frutería,Tortillería,Otro negocio,Razon de las ventas: Violencia,Razon de las ventas: Conexiones,Razon de las ventas: Temporada,Razon de las ventas: Escuelas,Razon de las ventas: Otras,Credito Bancos,Credito Proovedores,Credito Familia,Credito Gobierno,Credito Ahorros populares (tandas),Crédito privado,Se recibio credito del banco?,Deseo de crecer el negocio,Sexo del dueño o dueña,Propiedad del local,Prediccion de los trabajadores,Nivel de clientes del ultimo mes,Prediccion de clientes,Ventas en el mes,Predicción de ventas,Cambio en el inventario,Prediccion del inventario ,Opinion sobre el inventario,Cambio en el precio,Prediccion del cambio de precio,Impacto Crimen,Impacto Credito,Impacto Incremento de precio,Impacto Competencia,Educación del dueño,Edad del dueño,Negocios,Ingresos,Gastos,Edad,Trabajadores,Trabajadores_Hombres,Trabajadores_Mujeres,Credito
6003,24.833925799999996,-107.39039299999999,2011.4,12.6,2.8,2.2,10300.0,0.2,0.2,0.0,0.0,0.2,0.6,0.4,0.0,0.2,0.0,0.4,0.6,0.2,0.8,0.0,0.4,0.0,0.6,0.4,0.6,0.8,2.2,2.0,3.0,2.0,3.0,1.8,3.0,2.0,2.2,2.6,4.4,3.2,3.2,3.8,2.8,4.6,,,,,,,,
6499,24.829483,-107.389288,2014.0,10.0,6.0,6.0,50000.0,1.0,0.0,0.0,0.0,0.0,1.0,1.0,0.0,0.0,0.0,0.0,0.0,1.0,0.0,0.0,0.0,1.0,0.0,1.0,1.0,0.0,2.0,1.0,3.0,2.0,3.0,2.0,2.0,2.0,3.0,2.0,2.0,2.0,2.0,2.0,5.0,3.0,9.0,1191.444444,755.4444444,9.111110999999937,1.888888889,1.444444444,0.444444444,0.222222222
4628,24.813307000000002,-107.3765435,2015.5,8.5,2.5,2.0,52500.0,1.0,0.5,0.0,0.0,0.5,0.0,0.5,0.0,0.0,0.0,0.5,0.0,1.0,1.0,0.0,0.0,0.0,0.0,1.0,0.5,0.5,2.0,2.0,3.0,3.0,3.0,1.5,3.0,2.0,2.5,2.0,5.0,3.0,3.0,5.0,3.5,4.5,,,,,,,,
4613,24.812143800000005,-107.37139399999998,2013.2,10.8,3.6,3.2,48000.0,0.8,0.2,0.2,0.2,0.2,0.2,0.6,0.0,0.0,0.0,0.4,0.0,0.0,1.0,0.0,0.4,0.2,0.0,1.0,0.4,0.8,2.0,1.2,3.0,2.0,3.0,1.8,2.2,1.8,2.6,2.8,3.4,1.4,3.6,3.2,4.4,5.2,,,,,,,,
3653,24.807491,-107.375657,2017.0,7.0,4.0,4.0,60000.0,1.0,0.0,0.0,0.0,0.0,1.0,0.0,0.0,0.0,0.0,1.0,0.0,0.0,0.0,0.0,0.0,0.0,0.0,1.0,1.0,1.0,3.0,3.0,2.0,3.0,1.0,3.0,3.0,2.0,3.0,3.0,5.0,1.0,1.0,5.0,4.0,5.0,9.0,426.5555556,338.0,10.222222000000102,1.777777778,0.777777778,1.0,0.0
3757,24.7976995,-107.39056199999999,1991.0,33.0,1.0,1.0,,0.0,1.0,0.0,0.0,0.0,0.0,1.0,0.0,0.0,0.0,0.0,1.0,0.0,0.0,0.5,0.0,0.0,0.5,0.5,1.0,0.0,2.0,1.0,3.0,1.0,3.0,1.5,2.0,2.0,2.0,2.5,5.0,2.0,5.0,4.5,4.5,4.0,22.0,382.5909091,274.7272727,15.272727000000032,1.5,0.454545455,1.045454545,0.136363636
1892,24.7919,-107.398669,1999.0,25.0,0.0,1.0,20000.0,0.0,1.0,0.0,0.0,0.0,0.0,0.0,1.0,0.0,0.0,0.0,0.0,0.0,0.0,0.0,0.0,0.0,0.0,0.0,1.0,1.0,2.0,2.0,2.0,2.0,2.0,2.0,2.0,2.0,2.0,2.0,1.0,1.0,1.0,3.0,4.0,6.0,4.0,427.25,285.0,9.0,2.0,1.0,1.0,0.0
4276,24.783145,-107.4145115,2006.0,18.0,4.0,3.5,60000.0,1.0,0.0,0.5,0.0,0.5,0.0,0.5,0.0,0.0,0.0,0.5,0.0,0.0,0.5,0.0,0.0,0.0,0.0,0.5,0.5,0.5,2.0,1.0,2.0,1.0,2.0,1.5,2.0,2.0,1.5,2.0,3.0,1.5,4.0,2.0,3.5,4.5,8.0,578.25,407.875,17.5,1.875,0.75,1.125,0.0
6821,24.827662,-107.459684,2020.0,4.0,3.0,2.0,30000.0,0.0,1.0,0.0,0.0,0.0,0.0,1.0,0.0,0.0,0.0,0.0,0.0,1.0,0.0,0.0,0.0,0.0,0.0,1.0,0.0,0.0,1.0,1.0,3.0,1.0,3.0,2.0,3.0,2.0,2.0,2.0,5.0,2.0,3.0,2.0,4.0,4.0,4.0,139.0,104.5,4.75,1.5,0.25,1.25,0.0
3649,24.750756250000002,-107.39593024999999,2021.5,2.5,5.0,4.25,41250.0,0.75,0.5,0.5,0.0,0.0,0.0,0.75,0.25,0.0,0.0,0.0,0.0,0.5,0.75,0.0,0.25,0.25,0.0,1.0,0.75,0.5,2.25,1.75,2.75,1.75,2.75,1.75,2.75,2.25,2.5,2.0,4.25,1.75,4.25,2.5,4.5,3.5,15.0,381.8,267.3333333,12.866667000000007,1.866666667,0.933333333,0.933333333,0.2
4882,24.825439,-107.44937533333332,2020.3333333333333,3.6666666666666665,4.666666666666667,4.0,60000.0,0.0,0.6666666666666666,0.0,0.0,0.0,0.3333333333333333,0.0,0.0,0.3333333333333333,0.0,0.6666666666666666,0.0,0.3333333333333333,0.3333333333333333,0.3333333333333333,0.0,0.0,0.0,1.0,0.6666666666666666,0.0,2.0,2.6666666666666665,3.0,2.3333333333333335,3.0,2.3333333333333335,2.0,2.0,2.3333333333333335,3.0,3.3333333333333335,1.0,3.3333333333333335,3.3333333333333335,5.0,2.3333333333333335,23.0,561.8695652,330.6086957,12.739129999999932,1.826086957,0.695652174,1.130434783,0.043478261
3742,24.8367985,-107.382995,2015.0,9.0,3.5,1.0,35000.0,0.5,0.5,0.5,0.0,0.0,0.0,1.0,0.0,0.0,0.0,0.0,0.5,0.0,0.5,0.0,0.0,0.0,0.5,1.0,0.5,1.0,3.0,2.0,3.0,1.0,3.0,2.0,2.5,1.5,1.5,3.0,3.0,2.0,2.5,3.0,5.0,4.0,14.0,631.7857143,454.0714286,13.714285999999902,1.571428571,1.0,0.571428571,0.214285714
750A,24.788732,-107.40046,2024.0,0.0,4.0,4.0,32000.0,0.0,0.0,0.0,1.0,0.0,0.0,0.0,0.0,0.0,0.0,1.0,0.0,0.0,0.0,0.0,0.0,0.0,0.0,1.0,1.0,1.0,3.0,2.0,3.0,3.0,3.0,3.0,3.0,1.0,2.0,3.0,1.0,1.0,1.0,1.0,5.0,5.0,,,,,,,,
7463,24.7779162,-107.40398839999997,2005.0,19.0,2.8,2.4,24250.0,0.6,0.6,0.0,0.0,0.2,0.2,0.6,0.0,0.2,0.0,0.2,0.0,0.2,0.0,0.0,0.0,0.0,0.2,1.0,0.0,1.0,2.2,1.6,3.0,1.4,3.0,1.8,2.4,1.6,2.2,2.8,4.6,2.8,3.2,2.6,5.0,5.4,,,,,,,,
7459,24.760476,-107.433408,2016.0,8.0,0.0,0.0,15000.0,1.0,1.0,0.0,0.0,0.0,0.0,0.0,0.0,0.0,0.0,1.0,0.0,0.0,1.0,0.0,0.0,0.0,0.0,1.0,1.0,0.0,3.0,1.0,3.0,2.0,3.0,1.0,2.0,2.0,2.0,2.0,2.0,1.0,1.0,1.0,1.0,6.0,16.0,572.4375,388.25,5.8125,1.375,0.25,1.125,0.0
743A,24.829222,-107.42278,2000.0,24.0,2.0,2.0,7200.0,0.0,1.0,0.0,0.0,0.0,0.0,1.0,0.0,0.0,0.0,0.0,0.0,0.0,0.0,0.0,0.0,0.0,0.0,1.0,0.0,1.0,2.0,3.0,3.0,1.0,3.0,3.0,3.0,2.0,2.0,2.0,1.0,3.0,3.0,3.0,5.0,6.0,17.0,404.8823529,262.1176471,7.0,1.529411765,0.529411765,1.0,0.0
8616,24.84,-107.38,2008.0,16.0,0.0,0.0,3000.0,1.0,1.0,0.0,0.0,0.0,0.0,1.0,0.0,0.0,0.0,0.0,0.0,0.0,0.0,0.0,0.0,0.0,0.0,1.0,0.5,0.5,2.0,1.5,2.0,1.0,1.5,1.5,2.0,1.5,2.0,2.0,5.0,1.0,1.0,3.0,4.0,5.5,,,,,,,,
0663,24.859471,-107.396921,2022.0,2.0,4.0,2.0,25000.0,1.0,0.0,0.0,0.0,1.0,0.0,0.0,0.0,0.0,0.0,1.0,0.0,0.0,0.0,0.0,1.0,0.0,0.0,1.0,1.0,1.0,2.0,3.0,3.0,3.0,3.0,2.0,3.0,2.0,2.0,2.0,3.0,2.0,3.0,1.0,4.0,2.0,,,,,,,,
3920,24.840269,-107.391766,1975.0,49.0,3.0,3.0,70000.0,1.0,1.0,0.0,0.0,0.0,0.0,1.0,0.0,0.0,0.0,0.0,0.0,0.0,1.0,0.0,0.0,0.0,0.0,1.0,1.0,1.0,2.0,1.0,3.0,1.0,3.0,2.0,3.0,2.0,2.0,3.0,3.0,3.0,3.0,1.0,5.0,6.0,,,,,,,,
7196,24.832363833333332,-107.38436666666665,2013.6666666666667,10.333333333333334,3.6666666666666665,3.0,21566.666666666668,0.5,0.16666666666666666,0.16666666666666666,0.16666666666666666,0.0,0.5,0.8333333333333334,0.0,0.0,0.16666666666666666,0.0,0.3333333333333333,0.5,0.5,0.0,0.3333333333333333,0.16666666666666666,0.3333333333333333,1.0,0.5,0.16666666666666666,2.0,1.0,2.6666666666666665,1.8333333333333333,2.8333333333333335,1.3333333333333333,2.6666666666666665,1.6666666666666667,2.1666666666666665,2.5,4.666666666666667,2.3333333333333335,3.1666666666666665,2.5,4.5,4.166666666666667,5.0,743.4,506.8,4.599999999999909,2.0,0.8,1.2,0.4
3916,24.823546,-107.379429,1993.0,31.0,2.0,0.0,8000.0,1.0,0.0,0.0,0.0,1.0,0.0,1.0,0.0,0.0,0.0,0.0,0.0,0.0,1.0,0.0,0.0,0.0,0.0,0.0,1.0,1.0,2.0,1.0,3.0,3.0,3.0,2.0,2.0,3.0,3.0,3.0,5.0,3.0,2.0,2.0,3.0,4.0,,,,,,,,
8423,24.8238685,-107.4140495,2001.0,23.0,5.5,5.5,150000.0,0.5,0.0,0.5,0.0,0.0,0.5,1.0,0.0,0.0,0.0,0.0,0.5,0.5,0.5,0.5,0.5,0.5,0.5,1.0,0.5,0.5,2.5,2.0,2.5,3.0,2.5,2.5,3.0,1.5,2.5,2.0,4.0,1.0,2.5,1.5,4.0,4.0,,,,,,,,
3691,24.8224345,-107.410909,2010.0,14.0,4.0,4.0,27000.0,1.0,0.5,0.0,0.0,0.0,0.5,0.5,0.0,0.0,0.0,0.5,0.0,0.0,0.0,0.0,0.0,0.5,0.0,1.0,1.0,0.5,1.5,2.0,3.0,1.5,2.5,2.0,2.5,2.0,2.5,2.5,3.5,1.5,1.5,3.0,4.5,3.0,13.0,282.6153846,136.6923077,11.23076900000001,1.615384615,0.384615385,1.230769231,0.0
9474,24.82717,-107.412931,1990.0,34.0,3.0,3.0,150000.0,0.0,0.0,0.0,0.0,1.0,0.0,1.0,0.0,0.0,0.0,0.0,0.0,0.0,0.0,0.0,0.0,0.0,0.0,1.0,1.0,0.0,2.0,1.0,3.0,1.0,3.0,2.0,3.0,2.0,2.0,2.0,4.0,2.0,4.0,2.0,4.0,5.0,,,,,,,,
0536,24.81456,-107.3822275,2016.5,7.5,2.0,1.0,22500.0,0.5,1.0,0.0,0.0,0.0,0.0,0.0,0.0,0.0,0.0,1.0,0.0,0.0,1.0,0.0,0.0,0.0,0.0,1.0,1.0,0.5,2.0,2.0,3.0,3.0,3.0,2.0,2.5,2.0,2.5,2.5,5.0,1.5,3.0,3.5,3.5,3.5,,,,,,,,
6287,24.770956,-107.444007,2011.0,13.0,3.0,0.0,,1.0,1.0,0.0,0.0,0.0,0.0,0.0,0.0,0.0,0.0,1.0,0.0,1.0,0.0,0.0,0.0,0.0,0.0,0.0,1.0,1.0,2.0,2.0,2.0,2.0,2.0,2.0,2.0,3.0,2.0,3.0,1.0,1.0,2.0,1.0,4.0,2.0,8.0,383.0,282.125,14.375,1.25,0.25,1.0,0.125
3297,24.778851,-107.415577,2020.0,4.0,2.0,2.0,,1.0,1.0,0.0,0.0,0.0,0.0,0.0,1.0,0.0,0.0,0.0,0.0,1.0,0.0,0.0,0.0,0.0,0.0,1.0,0.0,1.0,3.0,3.0,3.0,3.0,3.0,2.0,3.0,2.0,1.0,3.0,4.0,2.0,4.0,3.0,4.0,6.0,,,,,,,,
4011,24.776379499999997,-107.413626,2021.0,3.0,2.5,1.5,36000.0,1.0,0.5,0.0,0.5,0.0,0.0,1.0,0.0,0.0,0.0,0.0,0.0,0.5,0.0,0.0,0.0,0.0,0.0,1.0,1.0,0.5,2.0,1.0,3.0,1.0,3.0,1.5,2.0,2.0,2.5,3.0,4.5,2.5,4.0,4.5,5.0,4.5,,,,,,,,
4238,24.780653,-107.382976,1989.0,35.0,5.0,5.0,80000.0,1.0,1.0,0.0,0.0,0.0,0.0,0.0,0.0,0.0,0.0,1.0,0.0,0.0,0.0,0.0,0.0,0.0,0.0,1.0,1.0,1.0,2.0,2.0,2.0,1.0,3.0,1.0,3.0,3.0,3.0,3.0,5.0,1.0,1.0,3.0,5.0,5.0,9.0,751.6666667,538.5555556,13.333333000000039,1.555555556,0.555555556,1.0,0.0
3278,24.775007,-107.409701,1980.0,44.0,3.0,3.0,,0.0,1.0,0.0,0.0,0.0,0.0,1.0,0.0,0.0,0.0,0.0,1.0,0.0,0.0,0.0,0.0,0.0,1.0,1.0,1.0,1.0,3.0,1.0,3.0,1.0,3.0,1.0,3.0,2.0,3.0,3.0,5.0,4.0,4.0,4.0,2.0,6.0,10.0,286.4,211.7,12.099999999999909,1.3,0.2,1.1,0.2
7321,24.77045,-107.413536,2020.0,4.0,1.0,1.0,,0.0,1.0,0.0,0.0,0.0,0.0,1.0,0.0,0.0,0.0,0.0,0.0,1.0,0.0,0.0,0.0,0.0,0.0,1.0,0.0,1.0,3.0,1.0,3.0,1.0,3.0,1.0,3.0,2.0,3.0,2.0,5.0,3.0,5.0,5.0,2.0,5.0,,,,,,,,
4098,24.831907,-107.379874,2007.0,17.0,5.0,3.0,100000.0,1.0,1.0,0.0,0.0,0.0,0.0,0.0,1.0,0.0,0.0,0.0,1.0,0.0,0.0,0.0,0.0,0.0,1.0,1.0,0.0,1.0,2.0,2.0,3.0,1.0,3.0,3.0,3.0,1.0,3.0,3.0,2.0,2.0,4.0,3.0,5.0,5.0,16.0,361.6875,229.875,8.375,1.3125,0.375,0.9375,0.0
4717,24.7647125,-107.45281299999999,2007.5,16.5,3.5,2.0,100000.0,0.5,1.0,0.0,0.0,0.0,0.0,0.5,0.0,0.0,0.0,0.5,0.0,0.5,0.0,0.0,0.5,0.0,0.0,0.5,1.0,1.0,2.0,1.5,2.0,1.5,2.5,2.5,2.0,2.5,2.0,2.5,2.0,1.5,2.0,2.5,3.5,5.0,7.0,790.7142857,512.1428571,9.714285999999902,1.571428571,0.714285714,0.857142857,0.0
5700,24.778876,-107.45230699999999,2020.5,3.5,2.5,2.5,30000.0,0.5,1.0,0.0,0.0,0.0,0.0,1.0,0.0,0.0,0.0,0.0,0.0,0.5,0.5,0.0,0.0,0.5,0.0,1.0,0.0,1.0,2.0,2.0,2.5,1.0,2.0,1.5,2.5,2.0,3.0,2.5,3.5,2.0,3.0,2.0,4.0,4.5,9.0,576.2222222,400.5555556,7.333333000000039,1.777777778,0.666666667,1.111111111,0.0
184A,24.782158,-107.389528,2022.0,2.0,3.0,3.0,50000.0,1.0,0.0,0.0,0.0,0.0,1.0,0.0,0.0,0.0,0.0,1.0,1.0,0.0,0.0,0.0,0.0,0.0,1.0,1.0,0.0,0.0,2.0,2.0,3.0,3.0,3.0,2.0,2.0,3.0,3.0,3.0,2.0,1.0,1.0,1.0,5.0,3.0,10.0,223.9,132.6,11.099999999999909,1.7,0.6,1.1,0.0
6677,24.78212333333333,-107.38813499999999,2020.6666666666667,3.3333333333333335,3.6666666666666665,3.6666666666666665,40000.0,0.6666666666666666,0.0,0.3333333333333333,0.3333333333333333,0.0,0.3333333333333333,0.6666666666666666,0.0,0.0,0.0,0.3333333333333333,0.3333333333333333,0.0,0.0,0.0,0.0,0.0,0.3333333333333333,1.0,0.6666666666666666,1.0,2.3333333333333335,1.6666666666666667,2.3333333333333335,1.6666666666666667,2.3333333333333335,2.3333333333333335,2.0,2.0,2.6666666666666665,3.0,4.0,1.0,1.3333333333333333,2.0,5.0,2.6666666666666665,,,,,,,,
6681,24.825145,-107.419862,2010.0,14.0,10.0,10.0,40000.0,1.0,0.0,1.0,0.0,0.0,0.0,1.0,0.0,0.0,0.0,0.0,0.0,1.0,1.0,0.0,0.0,0.0,0.0,1.0,1.0,0.0,2.0,1.0,3.0,3.0,3.0,2.0,3.0,1.0,3.0,3.0,5.0,5.0,2.0,5.0,5.0,4.0,,,,,,,,
6662,24.8205005,-107.4190715,2012.5,11.5,3.5,3.5,17500.0,1.0,0.0,0.0,0.5,0.0,0.5,0.0,0.0,0.0,0.0,1.0,0.5,0.5,1.0,0.5,0.0,0.0,0.0,0.5,0.5,0.5,2.5,3.0,2.0,3.0,3.0,2.5,3.0,2.5,3.0,2.0,1.5,1.5,1.5,2.0,3.5,4.5,4.0,770.25,437.5,12.25,3.0,0.75,2.25,0.0
0127,24.83827666666667,-107.38572833333335,2016.3333333333333,7.666666666666667,0.6666666666666666,0.6666666666666666,27333.333333333332,0.6666666666666666,0.3333333333333333,0.0,0.0,0.0,0.6666666666666666,1.0,0.0,0.0,0.0,0.0,0.0,0.0,0.3333333333333333,0.0,0.0,0.0,0.0,1.0,0.6666666666666666,0.0,2.3333333333333335,2.0,2.3333333333333335,1.6666666666666667,2.3333333333333335,2.3333333333333335,2.3333333333333335,2.0,2.0,2.0,3.6666666666666665,1.0,1.0,2.3333333333333335,3.6666666666666665,3.3333333333333335,5.0,356.4,216.8,24.40000000000009,1.2,0.6,0.6,0.0
0127,24.83827666666667,-107.38572833333335,2016.3333333333333,7.666666666666667,0.6666666666666666,0.6666666666666666,27333.333333333332,0.6666666666666666,0.3333333333333333,0.0,0.0,0.0,0.6666666666666666,1.0,0.0,0.0,0.0,0.0,0.0,0.0,0.3333333333333333,0.0,0.0,0.0,0.0,1.0,0.6666666666666666,0.0,2.3333333333333335,2.0,2.3333333333333335,1.6666666666666667,2.3333333333333335,2.3333333333333335,2.3333333333333335,2.0,2.0,2.0,3.6666666666666665,1.0,1.0,2.3333333333333335,3.6666666666666665,3.3333333333333335,35.0,333.4,226.8857143,11.400000000000091,1.457142857,0.714285714,0.742857143,0.057142857
3899,24.83783,-107.38533,2021.0,3.0,3.0,3.0,1800.0,0.0,0.0,0.0,1.0,0.0,0.0,0.0,0.0,0.0,0.0,1.0,0.0,0.0,0.0,0.0,0.0,0.0,0.0,1.0,0.0,1.0,2.0,2.0,2.0,2.0,2.0,1.0,2.0,2.0,2.0,2.0,5.0,1.0,1.0,1.0,4.0,4.0,12.0,438.75,297.3333333,18.16666699999996,1.666666667,0.666666667,1.0,0.166666667
2091,24.7565285,-107.43658500000001,1999.5,24.5,2.0,2.0,27500.0,0.5,1.0,0.0,0.0,0.0,0.0,0.5,0.0,0.0,0.0,0.5,1.0,1.0,0.5,0.5,0.0,0.5,1.0,1.0,0.5,1.0,2.0,2.0,3.0,2.0,3.0,2.0,3.0,1.5,2.0,2.0,3.5,1.0,4.5,3.5,3.5,4.0,14.0,504.2857143,370.2857143,8.642857000000049,2.0,0.571428571,1.428571429,0.285714286
4026,24.790149666666668,-107.40358866666668,1994.0,30.0,0.6666666666666666,2.6666666666666665,53333.333333333336,0.3333333333333333,0.6666666666666666,0.0,0.0,0.3333333333333333,0.0,0.6666666666666666,0.0,0.0,0.0,0.3333333333333333,0.0,0.3333333333333333,0.0,0.0,0.0,0.0,0.0,0.6666666666666666,0.3333333333333333,1.0,2.0,1.3333333333333333,3.0,1.3333333333333333,3.0,1.3333333333333333,2.6666666666666665,1.3333333333333333,2.3333333333333335,2.0,3.6666666666666665,1.0,1.0,3.3333333333333335,4.666666666666667,4.333333333333333,4.0,250.5,135.75,15.25,1.25,0.25,1.0,0.0
3901,24.750343,-107.4345905,2015.5,8.5,2.5,0.5,17500.0,0.5,1.0,0.0,0.0,0.0,0.0,1.0,0.0,0.0,0.0,0.0,0.0,0.5,0.5,0.0,0.0,0.5,0.0,1.0,0.5,1.0,2.0,2.0,2.0,2.5,2.5,2.0,2.5,1.5,2.5,2.0,4.0,1.0,1.0,4.0,4.0,4.0,11.0,309.0,216.1818182,13.545454999999947,1.363636364,0.909090909,0.454545455,0.090909091
5715,24.824275,-107.428678,1992.0,32.0,5.0,2.0,15000.0,1.0,1.0,0.0,0.0,0.0,0.0,1.0,0.0,0.0,0.0,0.0,0.0,0.0,1.0,0.0,1.0,0.0,0.0,1.0,1.0,1.0,2.0,1.0,2.0,1.0,3.0,1.0,3.0,2.0,2.0,3.0,4.0,2.0,4.0,3.0,3.0,5.0,4.0,447.5,301.75,17.75,1.25,0.75,0.5,0.0
3992,24.822426,-107.423917,2014.0,10.0,3.0,0.0,14500.0,1.0,0.0,1.0,0.0,0.0,0.0,1.0,0.0,0.0,0.0,0.0,0.0,0.0,0.0,0.0,0.0,0.0,0.0,1.0,0.0,0.0,2.0,1.0,3.0,1.0,3.0,1.0,3.0,3.0,3.0,3.0,5.0,1.0,3.0,4.0,3.0,5.0,10.0,278.0,181.6,21.40000000000009,1.3,0.6,0.7,0.1
0061,24.815389,-107.429501,2021.0,3.0,10.0,10.0,100000.0,1.0,0.0,1.0,0.0,0.0,0.0,1.0,0.0,0.0,0.0,0.0,0.0,0.0,0.0,0.0,0.0,0.0,0.0,1.0,1.0,0.0,3.0,3.0,3.0,3.0,3.0,3.0,3.0,3.0,3.0,3.0,5.0,1.0,4.0,4.0,5.0,4.0,5.0,164.0,114.2,10.0,1.6,0.8,0.8,0.0
4007,24.813429142857142,-107.43110671428572,2013.7142857142858,10.285714285714286,3.7142857142857144,3.7142857142857144,52142.857142857145,0.7142857142857143,0.42857142857142855,0.42857142857142855,0.0,0.0,0.14285714285714285,0.42857142857142855,0.14285714285714285,0.0,0.0,0.42857142857142855,0.5714285714285714,0.5714285714285714,0.5714285714285714,0.14285714285714285,0.14285714285714285,0.14285714285714285,0.42857142857142855,0.7142857142857143,0.5714285714285714,0.2857142857142857,2.857142857142857,2.0,2.4285714285714284,2.4285714285714284,2.5714285714285716,2.2857142857142856,2.2857142857142856,2.4285714285714284,2.4285714285714284,2.857142857142857,3.857142857142857,2.5714285714285716,2.4285714285714284,3.7142857142857144,4.428571428571429,3.2857142857142856,9.0,569.0,424.7777778,16.2222220000001,1.444444444,0.666666667,0.777777778,0.111111111
4331,24.833976,-107.429032,2015.0,9.0,7.0,7.0,55000.0,1.0,0.0,0.0,0.0,0.0,1.0,0.0,0.0,0.0,0.0,1.0,1.0,0.0,1.0,0.0,0.0,0.0,0.0,1.0,1.0,0.0,2.0,3.0,3.0,3.0,3.0,3.0,2.0,3.0,1.0,3.0,5.0,4.0,5.0,5.0,5.0,4.0,5.0,1319.8,624.0,17.200000000000045,1.4,0.8,0.6,0.2
4327,24.819128,-107.430345,2015.5,8.5,6.0,6.0,32000.0,0.5,0.0,0.0,0.5,0.0,0.5,0.0,0.0,0.0,0.0,1.0,0.5,0.5,0.5,0.0,0.5,0.0,0.0,1.0,1.0,0.5,2.0,2.0,3.0,2.0,3.0,2.0,3.0,2.0,2.0,2.5,2.5,1.5,2.0,1.5,5.0,4.0,5.0,381.2,215.6,11.400000000000091,1.2,0.2,1.0,0.0
4469,24.820365714285717,-107.43259771428572,2008.4285714285713,15.571428571428571,2.7142857142857144,2.4285714285714284,11166.666666666666,0.5714285714285714,0.2857142857142857,0.2857142857142857,0.14285714285714285,0.14285714285714285,0.14285714285714285,1.0,0.0,0.0,0.0,0.0,0.0,0.0,0.42857142857142855,0.0,0.0,0.0,0.0,0.8571428571428571,0.42857142857142855,0.42857142857142855,2.0,1.2857142857142858,2.2857142857142856,1.2857142857142858,2.5714285714285716,1.7142857142857142,2.5714285714285716,1.8571428571428572,2.4285714285714284,2.142857142857143,3.7142857142857144,2.5714285714285716,1.7142857142857142,2.857142857142857,4.0,4.857142857142857,,,,,,,,
0131,24.82704,-107.42988,1996.0,28.0,4.0,1.0,14000.0,1.0,1.0,0.0,0.0,0.0,0.0,1.0,0.0,0.0,0.0,0.0,0.0,0.0,1.0,0.0,0.0,0.0,0.0,1.0,1.0,1.0,2.0,1.0,3.0,1.0,3.0,2.0,3.0,2.0,3.0,2.0,4.0,1.0,3.0,2.0,4.0,4.0,9.0,407.7777778,252.8888889,21.111110999999937,2.222222222,1.111111111,1.111111111,0.0
3371,24.757393,-107.4343832,2013.0,11.0,2.8,2.8,22000.0,1.0,0.4,0.2,0.2,0.0,0.2,0.2,0.0,0.0,0.0,0.8,0.2,0.0,0.4,0.0,0.2,0.0,0.2,1.0,0.4,0.6,2.2,1.6,3.0,1.4,2.8,1.6,2.8,2.2,2.4,1.6,4.4,1.4,1.6,1.8,3.6,4.2,6.0,218.1666667,128.1666667,10.0,1.0,0.666666667,0.333333333,0.0
6427,24.758234,-107.435275,2022.0,2.0,4.0,4.0,50000.0,1.0,0.0,0.0,0.0,0.0,1.0,0.0,0.0,0.0,0.0,1.0,0.0,0.0,0.0,0.0,0.0,0.0,0.0,1.0,1.0,0.0,2.0,2.0,3.0,1.0,3.0,3.0,3.0,3.0,3.0,1.0,4.0,1.0,1.0,1.0,4.0,4.0,14.0,718.2142857,442.8571429,7.285714000000098,1.857142857,0.5,1.357142857,0.0
6412,24.8018838,-107.42230179999999,2013.0,11.0,2.8,2.6,31250.0,0.4,0.6,0.2,0.0,0.2,0.0,0.6,0.0,0.0,0.2,0.2,0.2,0.4,0.6,0.0,0.0,0.2,0.2,0.8,0.6,0.8,2.2,1.4,3.0,2.0,2.8,1.4,2.4,1.8,2.6,2.2,3.4,2.0,3.8,3.6,3.4,5.2,4.0,579.25,392.0,14.0,1.75,0.75,1.0,0.0
2049,24.7705645,-107.4393285,2006.0,18.0,2.5,2.0,5750.0,1.0,1.0,0.0,0.0,0.0,0.0,0.0,0.0,0.0,0.0,1.0,0.0,0.5,0.5,0.0,0.0,0.0,0.0,1.0,1.0,1.0,2.5,1.5,3.0,2.5,2.5,3.0,3.0,2.5,3.0,2.0,2.5,1.5,4.0,3.5,3.5,4.0,14.0,334.1428571,219.5714286,17.0,1.142857143,0.357142857,0.785714286,0.0
0625,24.758764,-107.435418,2010.0,14.0,0.0,1.0,12000.0,1.0,0.0,0.0,1.0,0.0,0.0,1.0,0.0,0.0,0.0,0.0,0.0,0.0,0.0,0.0,0.0,0.0,0.0,1.0,0.0,0.0,2.0,1.0,3.0,1.0,3.0,1.0,3.0,2.0,3.0,1.0,4.0,1.0,3.0,4.0,5.0,5.0,,,,,,,,
7181,24.83744025,-107.42304825,2011.25,12.75,2.75,1.75,37500.0,1.0,1.0,0.0,0.0,0.0,0.0,0.5,0.0,0.0,0.0,0.5,0.75,0.0,1.0,0.25,0.0,0.25,0.75,1.0,0.25,1.0,2.0,2.25,2.5,1.75,2.5,2.75,2.25,2.25,2.0,2.75,4.25,3.5,4.5,4.25,4.75,4.5,,,,,,,,
0038,24.771664,-107.455722,2019.0,5.0,1.0,1.0,6000.0,1.0,0.0,0.0,1.0,0.0,0.0,0.0,0.0,0.0,0.0,1.0,0.0,0.0,1.0,0.0,0.0,0.0,0.0,1.0,0.0,0.0,2.0,1.0,3.0,1.0,3.0,2.0,3.0,2.0,3.0,1.0,5.0,1.0,1.0,2.0,4.0,3.0,8.0,530.375,282.25,13.5,1.875,0.5,1.375,0.0
0038,24.771664,-107.455722,2019.0,5.0,1.0,1.0,6000.0,1.0,0.0,0.0,1.0,0.0,0.0,0.0,0.0,0.0,0.0,1.0,0.0,0.0,1.0,0.0,0.0,0.0,0.0,1.0,0.0,0.0,2.0,1.0,3.0,1.0,3.0,2.0,3.0,2.0,3.0,1.0,5.0,1.0,1.0,2.0,4.0,3.0,13.0,371.0,220.4615385,12.23076900000001,1.769230769,0.615384615,1.153846154,0.0
5679,24.830927,-107.424381,2009.0,15.0,3.7142857142857144,2.142857142857143,32357.14285714286,1.0,0.7142857142857143,0.14285714285714285,0.0,0.0,0.14285714285714285,0.7142857142857143,0.14285714285714285,0.0,0.0,0.14285714285714285,0.14285714285714285,0.2857142857142857,0.42857142857142855,0.14285714285714285,0.2857142857142857,0.0,0.5714285714285714,0.8571428571428571,0.7142857142857143,0.5714285714285714,2.2857142857142856,1.5714285714285714,2.7142857142857144,1.8571428571428572,2.857142857142857,2.142857142857143,2.4285714285714284,2.142857142857143,2.5714285714285716,2.7142857142857144,5.0,2.5714285714285716,3.4285714285714284,3.5714285714285716,4.285714285714286,4.285714285714286,5.0,326.8,210.4,23.59999999999991,1.4,0.2,1.2,0.0
7393,24.8257395,-107.419455,2013.75,10.25,6.5,5.75,43000.0,0.25,0.25,0.5,0.0,0.25,0.0,0.25,0.25,0.0,0.0,0.5,0.75,1.0,0.25,0.0,0.0,0.0,0.75,1.0,0.25,0.5,2.5,2.25,2.5,2.5,3.0,2.5,3.0,1.75,2.5,2.75,2.75,2.0,2.75,3.25,5.0,3.25,,,,,,,,
7209,24.818977,-107.434479,2021.0,3.0,5.0,5.0,12000.0,1.0,0.0,0.0,1.0,0.0,0.0,0.0,0.0,0.0,0.0,1.0,0.0,0.0,0.0,0.0,0.0,0.0,0.0,1.0,1.0,0.0,3.0,2.0,3.0,2.0,3.0,3.0,3.0,2.0,2.0,3.0,2.0,1.0,1.0,1.0,5.0,3.0,,,,,,,,
0381,24.82887,-107.3782181818182,2009.1818181818182,14.818181818181818,2.1818181818181817,1.0,36909.09090909091,0.5454545454545454,0.9090909090909091,0.0,0.09090909090909091,0.0,0.0,0.6363636363636364,0.0,0.0,0.18181818181818182,0.18181818181818182,0.18181818181818182,0.36363636363636365,0.45454545454545453,0.09090909090909091,0.36363636363636365,0.09090909090909091,0.18181818181818182,0.8181818181818182,0.7272727272727273,0.8181818181818182,2.090909090909091,1.7272727272727273,2.8181818181818183,2.3636363636363638,2.8181818181818183,2.090909090909091,2.272727272727273,2.0,2.1818181818181817,2.4545454545454546,4.0,2.5454545454545454,3.727272727272727,3.8181818181818183,3.909090909090909,4.636363636363637,10.0,353.4,222.5,18.40000000000009,2.3,0.7,1.6,0.0
4308,24.769818333333333,-107.45635966666667,2012.3333333333333,11.666666666666666,2.6666666666666665,2.6666666666666665,13485.0,1.0,0.3333333333333333,0.6666666666666666,0.0,0.0,0.0,0.3333333333333333,0.0,0.0,0.0,0.6666666666666666,0.3333333333333333,0.6666666666666666,0.6666666666666666,0.0,0.0,0.3333333333333333,0.0,1.0,0.6666666666666666,1.0,2.3333333333333335,1.0,3.0,2.0,3.0,1.6666666666666667,2.6666666666666665,2.0,1.6666666666666667,3.0,4.666666666666667,3.3333333333333335,2.3333333333333335,2.6666666666666665,4.333333333333333,4.666666666666667,8.0,777.375,517.25,8.5,2.125,0.75,1.375,0.125
4632,24.7687365,-107.459325,2012.75,11.25,2.0,2.0,20125.0,1.0,0.5,0.0,0.25,0.0,0.25,0.25,0.0,0.25,0.0,0.5,0.5,0.75,0.0,0.0,0.5,0.0,0.5,1.0,0.5,0.5,2.25,2.25,3.0,2.0,3.0,2.25,2.5,1.75,2.25,2.0,3.0,3.0,3.25,2.75,4.5,1.75,,,,,,,,
4312,24.818706416666668,-107.43673675000002,2016.4166666666667,7.583333333333333,2.9166666666666665,2.75,24444.444444444445,0.4166666666666667,0.5,0.3333333333333333,0.0,0.0,0.16666666666666666,0.9166666666666666,0.0,0.0,0.0,0.08333333333333333,0.16666666666666666,0.25,0.25,0.0,0.0,0.0,0.16666666666666666,0.75,0.5,0.5,2.1666666666666665,1.5,2.25,1.1666666666666667,2.4166666666666665,1.9166666666666667,2.25,1.75,2.1666666666666665,2.1666666666666665,4.75,2.3333333333333335,3.4166666666666665,2.5,4.666666666666667,3.8333333333333335,7.0,856.1428571,545.0,15.0,2.428571429,0.714285714,1.714285714,0.0
3329,24.761176,-107.452869,2008.0,16.0,3.0,3.0,12000.0,1.0,1.0,0.0,0.0,0.0,0.0,1.0,0.0,0.0,0.0,0.0,0.0,0.0,0.0,0.0,0.0,0.0,0.0,1.0,0.0,1.0,3.0,1.0,3.0,1.0,3.0,2.0,3.0,2.0,3.0,3.0,5.0,1.0,3.0,2.0,3.0,5.0,11.0,424.6363636,295.6363636,23.90909099999999,1.363636364,0.454545455,0.909090909,0.0
3314,24.80521,-107.44312,2002.0,22.0,8.0,8.0,20000.0,1.0,1.0,0.0,0.0,0.0,0.0,0.0,0.0,0.0,0.0,1.0,0.0,1.0,0.0,0.0,0.0,1.0,1.0,0.0,1.0,1.0,3.0,2.0,3.0,2.0,3.0,2.0,3.0,2.0,2.0,3.0,2.0,1.0,3.0,3.0,5.0,6.0,11.0,429.5454545,307.0909091,12.181818000000021,1.727272727,0.636363636,1.090909091,0.181818182
3865,24.805223499999997,-107.439126,2016.0,8.0,3.0,3.0,1500.0,0.0,0.0,0.0,0.0,0.5,0.5,1.0,0.0,0.0,0.0,0.0,0.5,0.5,0.0,0.0,0.5,0.0,0.0,0.5,1.0,0.0,1.5,1.0,2.5,1.5,3.0,1.0,2.5,2.0,2.5,3.0,4.0,4.0,3.5,4.0,4.0,4.0,9.0,532.2222222,378.8888889,16.888889000000063,2.222222222,0.777777778,1.444444444,0.0
1869,24.807141,-107.45077180000001,2015.4,8.6,4.0,3.8,30000.0,0.2,0.6,0.0,0.0,0.2,0.2,1.0,0.0,0.0,0.0,0.0,0.2,0.8,0.2,0.0,0.4,0.0,0.2,0.8,0.4,0.0,2.2,1.4,2.6,1.2,2.4,1.4,2.8,1.6,1.8,2.8,4.8,2.8,2.8,3.2,5.0,3.4,6.0,615.8333333,353.6666667,11.333333000000039,3.166666667,1.833333333,1.333333333,0.0
0288,24.818807,-107.444492,2018.0,6.0,4.0,4.0,35000.0,1.0,0.0,0.0,0.0,1.0,0.0,0.0,0.0,0.0,0.0,1.0,0.0,1.0,1.0,0.0,0.0,0.0,0.0,1.0,0.0,1.0,2.0,2.0,3.0,2.0,2.0,3.0,3.0,2.0,3.0,3.0,4.0,2.0,3.0,3.0,4.0,4.0,5.0,520.8,345.8,5.0,2.0,0.6,1.4,0.0
3333,24.817213,-107.440608,2019.0,5.0,2.5,2.0,26000.0,1.0,0.0,0.0,0.5,0.0,0.5,1.0,0.0,0.0,0.0,0.0,0.0,0.0,0.5,0.0,0.0,0.0,0.0,1.0,0.0,1.0,2.0,1.5,2.0,1.0,2.5,2.0,2.5,1.5,2.5,3.0,4.5,2.0,3.5,3.0,4.5,3.0,7.0,342.8571429,234.0,24.14285700000005,2.571428571,0.714285714,1.857142857,0.142857143
7514,24.750985,-107.3950395,2023.5,0.5,4.5,4.5,22500.0,0.5,0.0,0.0,0.0,0.0,1.0,0.0,0.0,0.0,0.0,1.0,0.5,0.0,1.0,0.0,0.5,0.5,0.5,1.0,0.0,1.0,3.0,2.5,3.0,2.5,3.0,2.5,2.0,2.0,3.0,2.0,5.0,3.0,3.0,3.0,5.0,2.5,,,,,,,,
8870,24.74533,-107.415839,2006.0,18.0,8.0,8.0,50000.0,0.0,1.0,0.0,0.0,0.0,0.0,0.0,0.0,0.0,0.0,1.0,0.0,0.0,1.0,0.0,0.0,0.0,0.0,1.0,1.0,1.0,2.0,1.0,3.0,3.0,3.0,1.0,2.0,2.0,3.0,3.0,4.0,3.0,2.0,4.0,3.0,4.0,,,,,,,,
0220,24.761305,-107.45492,2007.0,17.0,2.0,1.0,20000.0,1.0,0.0,0.0,1.0,0.0,0.0,1.0,0.0,0.0,0.0,0.0,0.0,0.0,0.0,0.0,0.0,0.0,0.0,1.0,1.0,1.0,2.0,1.0,1.0,1.0,1.0,2.0,1.0,2.0,3.0,1.0,5.0,1.0,1.0,5.0,4.0,5.0,19.0,311.6842105,200.5789474,18.47368400000005,1.631578947,0.631578947,1.0,0.0
3583,24.803523,-107.461976,2018.0,6.0,5.0,5.0,4000.0,0.0,1.0,0.0,0.0,0.0,0.0,1.0,0.0,0.0,0.0,0.0,0.0,1.0,0.0,0.0,0.0,0.0,0.0,1.0,1.0,1.0,3.0,3.0,3.0,3.0,3.0,3.0,2.0,2.0,2.0,2.0,5.0,2.0,5.0,5.0,5.0,4.0,6.0,499.5,299.0,7.166666999999961,1.833333333,0.833333333,1.0,0.0
4897,24.80698,-107.46315633333334,2014.0,10.0,4.0,3.0,27333.333333333332,1.0,0.6666666666666666,0.0,0.3333333333333333,0.0,0.0,1.0,0.0,0.0,0.0,0.0,0.3333333333333333,0.0,0.6666666666666666,0.0,0.3333333333333333,0.0,0.3333333333333333,1.0,0.6666666666666666,1.0,2.0,2.6666666666666665,2.6666666666666665,2.3333333333333335,3.0,1.6666666666666667,2.3333333333333335,2.0,2.0,2.3333333333333335,3.6666666666666665,1.6666666666666667,2.0,2.6666666666666665,4.333333333333333,3.6666666666666665,,,,,,,,
6925,24.8046365,-107.4649355,2015.5,8.5,2.5,2.0,12000.0,0.5,0.5,0.0,0.0,0.5,0.0,0.5,0.0,0.5,0.0,0.0,0.0,0.0,0.0,0.0,0.0,0.0,0.0,1.0,0.0,1.0,2.0,3.0,3.0,2.5,3.0,2.5,1.5,2.5,2.0,2.0,1.5,1.0,1.0,2.0,3.5,3.5,,,,,,,,
661A,24.822762,-107.439017,2018.0,6.0,5.0,6.0,15000.0,0.0,0.0,0.0,0.0,0.0,1.0,0.0,0.0,0.0,0.0,1.0,0.0,0.0,0.0,0.0,0.0,0.0,0.0,1.0,0.0,1.0,2.0,2.0,3.0,3.0,3.0,2.0,3.0,2.0,2.0,2.0,2.0,1.0,1.0,2.0,4.0,6.0,4.0,382.75,222.0,7.5,1.5,0.5,1.0,0.0
6709,24.801931333333332,-107.47427266666666,2012.3333333333333,11.666666666666666,2.6666666666666665,2.3333333333333335,22333.333333333332,0.6666666666666666,0.6666666666666666,0.0,0.3333333333333333,0.0,0.0,1.0,0.0,0.0,0.0,0.0,0.6666666666666666,0.6666666666666666,0.6666666666666666,0.3333333333333333,0.3333333333333333,0.3333333333333333,0.6666666666666666,1.0,0.6666666666666666,0.3333333333333333,2.0,1.6666666666666667,3.0,1.6666666666666667,3.0,2.0,2.6666666666666665,2.0,2.6666666666666665,2.0,2.6666666666666665,1.6666666666666667,3.0,3.3333333333333335,4.666666666666667,3.6666666666666665,,,,,,,,
2000,24.8492375,-107.36063,2013.0,11.0,6.5,5.0,8000.0,1.0,0.5,0.0,0.0,0.0,0.5,0.0,0.5,0.0,0.0,0.5,0.5,0.5,0.0,0.0,0.0,0.0,0.5,1.0,1.0,0.5,2.0,1.5,2.5,2.5,3.0,3.0,1.0,1.5,3.0,2.0,3.0,2.0,3.0,4.5,4.5,4.0,21.0,329.3809524,228.5714286,10.904761999999891,1.571428571,0.380952381,1.19047619,0.095238095
5185,24.852899,-107.362443,2004.0,20.0,0.0,0.0,10000.0,1.0,1.0,0.0,0.0,0.0,0.0,1.0,0.0,0.0,0.0,0.0,0.0,0.0,1.0,1.0,0.0,0.0,0.0,1.0,1.0,0.0,2.0,1.0,3.0,1.0,3.0,1.0,2.0,1.0,3.0,2.0,5.0,2.0,5.0,5.0,3.0,4.0,,,,,,,,
4736,24.850637,-107.357523,2024.0,0.0,7.0,5.0,8000.0,1.0,0.0,0.0,1.0,0.0,0.0,0.0,1.0,0.0,0.0,0.0,0.0,1.0,0.0,0.0,0.0,0.0,0.0,1.0,0.0,0.0,2.0,3.0,3.0,3.0,3.0,1.0,3.0,2.0,3.0,3.0,2.0,2.0,2.0,3.0,5.0,3.0,,,,,,,,
6696,24.848218,-107.353493,2014.0,10.0,3.0,3.0,8000.0,0.0,0.0,0.0,1.0,0.0,0.0,0.0,1.0,0.0,0.0,0.0,0.0,1.0,1.0,0.0,1.0,0.0,0.0,1.0,0.0,0.0,2.0,2.0,3.0,2.0,3.0,2.0,3.0,2.0,3.0,2.0,4.0,2.0,2.0,5.0,5.0,5.0,5.0,834.0,479.0,6.0,1.8,1.0,0.8,0.2
3032,24.747468,-107.39867,2023.0,1.0,4.0,4.0,30000.0,1.0,0.0,1.0,0.0,0.0,0.0,0.0,0.0,0.0,0.0,1.0,1.0,0.0,1.0,0.0,0.0,1.0,1.0,1.0,0.0,1.0,2.0,1.0,3.0,1.0,3.0,1.0,3.0,2.0,2.0,2.0,4.0,1.0,1.0,2.0,5.0,3.0,27.0,513.0740741,289.962963,11.592593000000079,1.740740741,0.555555556,1.185185185,0.037037037
6874,24.80178,-107.46659199999999,2018.0,6.0,2.0,2.0,40000.0,1.0,0.5,0.0,0.5,0.0,0.0,1.0,0.0,0.0,0.0,0.0,1.0,0.5,0.5,0.5,0.5,0.5,0.5,1.0,0.0,0.5,2.0,2.0,3.0,2.5,3.0,2.0,2.0,2.0,2.5,2.5,3.0,3.5,2.0,4.5,5.0,4.5,12.0,501.8333333,252.25,5.666666999999961,1.75,0.583333333,1.166666667,0.25
330A,24.819042,-107.448013,2023.0,1.0,2.0,3.0,50000.0,0.0,0.0,0.0,0.0,1.0,0.0,1.0,0.0,0.0,0.0,0.0,0.0,0.0,0.0,0.0,0.0,0.0,0.0,1.0,1.0,0.0,2.0,2.0,3.0,2.0,3.0,2.0,2.0,2.0,2.0,3.0,4.0,1.0,2.0,2.0,5.0,5.0,6.0,355.3333333,193.8333333,18.5,1.333333333,0.666666667,0.666666667,0.0
017A,24.829798,-107.4489245,2019.5,4.5,2.5,2.0,25000.0,0.5,1.0,0.0,0.0,0.0,0.0,0.5,0.0,0.0,0.0,0.5,0.5,0.0,0.5,0.0,0.0,0.0,0.5,1.0,1.0,1.0,2.0,2.0,2.5,2.0,2.5,2.0,2.0,2.0,2.5,3.0,4.0,2.0,4.0,2.5,3.5,3.5,23.0,316.4347826,214.9565217,19.130435000000034,1.956521739,0.913043478,1.043478261,0.0
017A,24.829798,-107.4489245,2019.5,4.5,2.5,2.0,25000.0,0.5,1.0,0.0,0.0,0.0,0.0,0.5,0.0,0.0,0.0,0.5,0.5,0.0,0.5,0.0,0.0,0.0,0.5,1.0,1.0,1.0,2.0,2.0,2.5,2.0,2.5,2.0,2.0,2.0,2.5,3.0,4.0,2.0,4.0,2.5,3.5,3.5,21.0,193.0952381,139.4761905,13.61904800000002,1.238095238,0.523809524,0.714285714,0.047619048
5556,24.824892,-107.460003,2017.0,7.0,4.0,0.0,30000.0,0.0,1.0,0.0,0.0,0.0,0.0,1.0,0.0,0.0,0.0,0.0,0.0,0.0,0.0,0.0,0.0,0.0,0.0,1.0,1.0,1.0,2.0,1.0,3.0,1.0,3.0,1.0,3.0,2.0,2.0,3.0,5.0,1.0,1.0,1.0,5.0,4.0,13.0,612.2307692,403.0769231,8.923076999999921,1.769230769,0.384615385,1.384615385,0.076923077
